dataset,condition,retrieval_f1,answer_entity_f1
github_musae,C1,0.4393650793650794,0.48495643245643255
github_musae,C2,0.4128875993717325,0.5813054854502222
github_musae,C3,0.36636504298075506,0.542655654888627
github_musae,C4,0.3530217890125011,0.4919293672873394
github_musae,C5,0.33478563490173396,0.4872578664026032
github_musae,C6,0.3131981537554293,0.4602543837741206
github_musae,C7,0.4128875993717325,0.5813054854502222
github_musae,C8,0.3681533679598695,0.522354150837123
deezer_europe,C1,0.44503413253413254,0.3823984593837535
deezer_europe,C2,0.413405727184752,0.3615110134963076
deezer_europe,C3,0.392686772936386,0.407972329957624
deezer_europe,C4,0.38948501855042106,0.4054759374612315
deezer_europe,C5,0.3728183518837544,0.3858727628580569
deezer_europe,C6,0.33080754621195796,0.3409544173147114
deezer_europe,C7,0.413405727184752,0.3615110134963076
deezer_europe,C8,0.38948501855042106,0.4054759374612315
