id,title,description
n1,Donald Trump,Donald Trump was the president of the United States from 2017 to 2021.
n2,United States,The United States is a country in North America.
n3,Paris Agreement,The Paris Agreement is an international treaty addressing climate change.
n4,Climate Change,Climate change concerns long-term changes in global temperatures and weather patterns.
n5,Joe Biden,Joe Biden succeeded Donald Trump as president of the United States.
n6,United Nations,The United Nations supports international cooperation and climate negotiations.
n7,European Union,The European Union is a political and economic union that supports the Paris Agreement.
n8,Withdrawal from the Paris Agreement,The United States announced withdrawal under Donald Trump and later rejoined under Joe Biden.

